filename,iou,cor
mushroom.ar-val.v2.jsonl,0.3231822866359706,0.26624075394908353
mushroom.de-val.v2.jsonl,0.3175689199298975,0.24918617429810774
mushroom.en-val.v2.jsonl,0.3835347692873033,0.47976954255755844
mushroom.es-val.v2.jsonl,0.28975390080890306,0.30002275128671557
mushroom.fi-val.v2.jsonl,0.27217683253753083,0.22541685830524755
mushroom.fr-val.v2.jsonl,0.22811483770780125,0.22811962971473357
